epoch;acc;loss;val_acc;val_loss
0;0.5155827909565882;7.779034720839663;0.520600013638551;7.7270139228354875
